REG;Région;DEP;CODCOM;Commune;CODFRAC_CAN;FRAC_CAN;Fraction cantonale;PMUN;PCAP;PTOT
84;Auvergne-Rhône-Alpes;01;053;Bourg-en-Bresse;05;0105305;Bourg-en-Bresse-1;28858;1043;29901
84;Auvergne-Rhône-Alpes;01;053;Bourg-en-Bresse;06;0105306;Bourg-en-Bresse-2;13207;588;13795
32;Hauts-de-France;02;408;Laon;09;0240809;Laon-1;8575;144;8719
32;Hauts-de-France;02;408;Laon;10;0240810;Laon-2;15491;468;15959
32;Hauts-de-France;02;691;Saint-Quentin;13;0269113;Saint-Quentin-1;18387;433;18820
32;Hauts-de-France;02;691;Saint-Quentin;14;0269114;Saint-Quentin-2;18498;476;18974
32;Hauts-de-France;02;691;Saint-Quentin;15;0269115;Saint-Quentin-3;16110;219;16329
32;Hauts-de-France;02;722;Soissons;16;0272216;Soissons-1;10945;150;11095
32;Hauts-de-France;02;722;Soissons;17;0272217;Soissons-2;17722;503;18225
84;Auvergne-Rhône-Alpes;03;185;Montluçon;09;0318509;Montluçon-1;3725;81;3806
84;Auvergne-Rhône-Alpes;03;185;Montluçon;10;0318510;Montluçon-2;10877;503;11380
84;Auvergne-Rhône-Alpes;03;185;Montluçon;11;0318511;Montluçon-3;9492;197;9689
84;Auvergne-Rhône-Alpes;03;185;Montluçon;12;0318512;Montluçon-4;9223;245;9468
84;Auvergne-Rhône-Alpes;03;190;Moulins;13;0319013;Moulins-1;10340;363;10703
84;Auvergne-Rhône-Alpes;03;190;Moulins;14;0319014;Moulins-2;9004;183;9187
84;Auvergne-Rhône-Alpes;03;310;Vichy;17;0331017;Vichy-1;12041;138;12179
84;Auvergne-Rhône-Alpes;03;310;Vichy;18;0331018;Vichy-2;13661;177;13838
93;Provence-Alpes-Côte d'Azur;04;070;Digne-les-Bains;04;0407004;Digne-les-Bains-1;10927;558;11485
93;Provence-Alpes-Côte d'Azur;04;070;Digne-les-Bains;05;0407005;Digne-les-Bains-2;6767;295;7062
93;Provence-Alpes-Côte d'Azur;04;112;Manosque;07;0411207;Manosque-1;8267;141;8408
93;Provence-Alpes-Côte d'Azur;04;112;Manosque;08;0411208;Manosque-2;6972;198;7170
93;Provence-Alpes-Côte d'Azur;04;112;Manosque;09;0411209;Manosque-3;7568;278;7846
93;Provence-Alpes-Côte d'Azur;05;023;Briançon;02;0502302;Briançon-1;1911;40;1951
93;Provence-Alpes-Côte d'Azur;05;023;Briançon;03;0502303;Briançon-2;8837;271;9108
93;Provence-Alpes-Côte d'Azur;05;061;Gap;06;0506106;Gap-1;10192;229;10421
93;Provence-Alpes-Côte d'Azur;05;061;Gap;07;0506107;Gap-2;10458;533;10991
93;Provence-Alpes-Côte d'Azur;05;061;Gap;08;0506108;Gap-3;10426;249;10675
93;Provence-Alpes-Côte d'Azur;05;061;Gap;09;0506109;Gap-4;9580;393;9973
93;Provence-Alpes-Côte d'Azur;06;004;Antibes;01;0600401;Antibes-1;11223;95;11318
93;Provence-Alpes-Côte d'Azur;06;004;Antibes;02;0600402;Antibes-2;31239;231;31470
93;Provence-Alpes-Côte d'Azur;06;004;Antibes;03;0600403;Antibes-3;27918;407;28325
93;Provence-Alpes-Côte d'Azur;06;027;Cagnes-sur-Mer;05;0602705;Cagnes-sur-Mer-1;44136;334;44470
93;Provence-Alpes-Côte d'Azur;06;027;Cagnes-sur-Mer;06;0602706;Cagnes-sur-Mer-2;8716;117;8833
93;Provence-Alpes-Côte d'Azur;06;030;Le Cannet;07;0603007;Cannes-1;13634;140;13774
93;Provence-Alpes-Côte d'Azur;06;029;Cannes;07;0602907;Cannes-1;34033;271;34304
93;Provence-Alpes-Côte d'Azur;06;029;Cannes;08;0602908;Cannes-2;40007;509;40516
93;Provence-Alpes-Côte d'Azur;06;030;Le Cannet;09;0603009;Le Cannet;26564;232;26796
93;Provence-Alpes-Côte d'Azur;06;069;Grasse;11;0606911;Grasse-1;18235;269;18504
93;Provence-Alpes-Côte d'Azur;06;069;Grasse;12;0606912;Grasse-2;30434;570;31004
93;Provence-Alpes-Côte d'Azur;06;088;Nice;15;0608815;Nice-1;44845;376;45221
93;Provence-Alpes-Côte d'Azur;06;088;Nice;16;0608816;Nice-2;49805;433;50238
93;Provence-Alpes-Côte d'Azur;06;088;Nice;17;0608817;Nice-3;27142;282;27424
93;Provence-Alpes-Côte d'Azur;06;088;Nice;18;0608818;Nice-4;42900;353;43253
93;Provence-Alpes-Côte d'Azur;06;088;Nice;19;0608819;Nice-5;47903;275;48178
93;Provence-Alpes-Côte d'Azur;06;088;Nice;20;0608820;Nice-6;41750;617;42367
93;Provence-Alpes-Côte d'Azur;06;088;Nice;21;0608821;Nice-7;26918;124;27042
93;Provence-Alpes-Côte d'Azur;06;088;Nice;22;0608822;Nice-8;40392;184;40576
93;Provence-Alpes-Côte d'Azur;06;088;Nice;23;0608823;Nice-9;32046;258;32304
93;Provence-Alpes-Côte d'Azur;06;004;Antibes;25;0600425;Valbonne;6232;273;6505
84;Auvergne-Rhône-Alpes;07;010;Annonay;01;0701001;Annonay-1;10215;310;10525
84;Auvergne-Rhône-Alpes;07;010;Annonay;02;0701002;Annonay-2;7007;231;7238
84;Auvergne-Rhône-Alpes;07;019;Aubenas;03;0701903;Aubenas-1;7120;391;7511
84;Auvergne-Rhône-Alpes;07;019;Aubenas;04;0701904;Aubenas-2;5368;363;5731
44;Grand Est;08;105;Charleville-Mézières;04;0810504;Charleville-Mézières-1;10039;138;10177
44;Grand Est;08;105;Charleville-Mézières;05;0810505;Charleville-Mézières-2;8829;182;9011
44;Grand Est;08;105;Charleville-Mézières;06;0810506;Charleville-Mézières-3;14254;509;14763
44;Grand Est;08;105;Charleville-Mézières;07;0810507;Charleville-Mézières-4;12512;167;12679
44;Grand Est;08;409;Sedan;14;0840914;Sedan-1;5216;155;5371
44;Grand Est;08;409;Sedan;15;0840915;Sedan-2;5109;113;5222
44;Grand Est;08;409;Sedan;16;0840916;Sedan-3;6402;80;6482
76;Occitanie;09;225;Pamiers;07;0922507;Pamiers-1;6177;148;6325
76;Occitanie;09;225;Pamiers;08;0922508;Pamiers-2;10335;376;10711
44;Grand Est;10;387;Troyes;12;1038712;Troyes-1;20418;328;20746
44;Grand Est;10;387;Troyes;13;1038713;Troyes-2;7589;70;7659
44;Grand Est;10;387;Troyes;14;1038714;Troyes-3;9080;355;9435
44;Grand Est;10;387;Troyes;15;1038715;Troyes-4;6963;44;7007
44;Grand Est;10;387;Troyes;16;1038716;Troyes-5;18393;326;18719
76;Occitanie;11;069;Carcassonne;02;1106902;Carcassonne-1;14580;372;14952
76;Occitanie;11;069;Carcassonne;03;1106903;Carcassonne-2;14513;463;14976
76;Occitanie;11;069;Carcassonne;04;1106904;Carcassonne-3;17336;287;17623
76;Occitanie;11;262;Narbonne;11;1126211;Narbonne-1;21808;314;22122
76;Occitanie;11;262;Narbonne;12;1126212;Narbonne-2;16295;416;16711
76;Occitanie;11;262;Narbonne;13;1126213;Narbonne-3;18589;343;18932
76;Occitanie;12;145;Millau;11;1214511;Millau-1;11277;437;11714
76;Occitanie;12;145;Millau;12;1214512;Millau-2;10582;196;10778
76;Occitanie;12;202;Rodez;16;1220216;Rodez-1;12069;898;12967
76;Occitanie;12;202;Rodez;17;1220217;Rodez-2;9955;840;10795
76;Occitanie;12;202;Rodez;18;1220218;Rodez-Onet;2112;46;2158
93;Provence-Alpes-Côte d'Azur;13;001;Aix-en-Provence;01;1300101;Aix-en-Provence-1;73222;2047;75269
93;Provence-Alpes-Côte d'Azur;13;001;Aix-en-Provence;02;1300102;Aix-en-Provence-2;74711;1053;75764
93;Provence-Alpes-Côte d'Azur;13;205;Marseille 5e Arrondissement;12;1320512;Marseille-1;6053;50;6103
93;Provence-Alpes-Côte d'Azur;13;204;Marseille 4e Arrondissement;12;1320412;Marseille-1;24189;156;24345
93;Provence-Alpes-Côte d'Azur;13;203;Marseille 3e Arrondissement;12;1320312;Marseille-1;5908;8;5916
93;Provence-Alpes-Côte d'Azur;13;203;Marseille 3e Arrondissement;13;1320313;Marseille-2;49745;110;49855
93;Provence-Alpes-Côte d'Azur;13;215;Marseille 15e Arrondissement;14;1321514;Marseille-3;49151;169;49320
93;Provence-Alpes-Côte d'Azur;13;214;Marseille 14e Arrondissement;15;1321415;Marseille-4;27077;83;27160
93;Provence-Alpes-Côte d'Azur;13;215;Marseille 15e Arrondissement;15;1321515;Marseille-4;30350;90;30440
93;Provence-Alpes-Côte d'Azur;13;214;Marseille 14e Arrondissement;16;1321416;Marseille-5;32153;138;32291
93;Provence-Alpes-Côte d'Azur;13;204;Marseille 4e Arrondissement;16;1320416;Marseille-5;17707;63;17770
93;Provence-Alpes-Côte d'Azur;13;213;Marseille 13e Arrondissement;16;1321316;Marseille-5;19398;237;19635
93;Provence-Alpes-Côte d'Azur;13;213;Marseille 13e Arrondissement;17;1321317;Marseille-6;74027;487;74514
93;Provence-Alpes-Côte d'Azur;13;204;Marseille 4e Arrondissement;18;1320418;Marseille-7;7848;67;7915
93;Provence-Alpes-Côte d'Azur;13;212;Marseille 12e Arrondissement;18;1321218;Marseille-7;60646;556;61202
93;Provence-Alpes-Côte d'Azur;13;211;Marseille 11e Arrondissement;18;1321118;Marseille-7;15506;219;15725
93;Provence-Alpes-Côte d'Azur;13;212;Marseille 12e Arrondissement;19;1321219;Marseille-8;3630;12;3642
93;Provence-Alpes-Côte d'Azur;13;210;Marseille 10e Arrondissement;19;1321019;Marseille-8;27102;275;27377
93;Provence-Alpes-Côte d'Azur;13;211;Marseille 11e Arrondissement;19;1321119;Marseille-8;43527;237;43764
93;Provence-Alpes-Côte d'Azur;13;209;Marseille 9e Arrondissement;20;1320920;Marseille-9;47057;444;47501
93;Provence-Alpes-Côte d'Azur;13;208;Marseille 8e Arrondissement;20;1320820;Marseille-9;28096;646;28742
93;Provence-Alpes-Côte d'Azur;13;209;Marseille 9e Arrondissement;21;1320921;Marseille-10;29290;207;29497
93;Provence-Alpes-Côte d'Azur;13;210;Marseille 10e Arrondissement;21;1321021;Marseille-10;19640;73;19713
93;Provence-Alpes-Côte d'Azur;13;208;Marseille 8e Arrondissement;21;1320821;Marseille-10;29873;459;30332
93;Provence-Alpes-Côte d'Azur;13;206;Marseille 6e Arrondissement;22;1320622;Marseille-11;22260;194;22454
93;Provence-Alpes-Côte d'Azur;13;205;Marseille 5e Arrondissement;22;1320522;Marseille-11;38967;206;39173
93;Provence-Alpes-Côte d'Azur;13;210;Marseille 10e Arrondissement;22;1321022;Marseille-11;13110;46;13156
93;Provence-Alpes-Côte d'Azur;13;206;Marseille 6e Arrondissement;23;1320623;Marseille-12;16544;159;16703
93;Provence-Alpes-Côte d'Azur;13;208;Marseille 8e Arrondissement;23;1320823;Marseille-12;25445;235;25680
93;Provence-Alpes-Côte d'Azur;13;103;Salon-de-Provence;26;1310326;Salon-de-Provence-1;18719;237;18956
93;Provence-Alpes-Côte d'Azur;13;103;Salon-de-Provence;27;1310327;Salon-de-Provence-2;25834;290;26124
28;Normandie;14;027;Les Monts d'Aunay;01;1402701;Les Monts d’Aunay;4351;60;4411
28;Normandie;14;118;Caen;05;1411805;Caen-1;18096;298;18394
28;Normandie;14;118;Caen;06;1411806;Caen-2;19781;216;19997
28;Normandie;14;118;Caen;07;1411807;Caen-3;26126;955;27081
28;Normandie;14;118;Caen;08;1411808;Caen-4;27679;454;28133
28;Normandie;14;118;Caen;09;1411809;Caen-5;16716;199;16915
28;Normandie;14;027;Les Monts d'Aunay;10;1402710;Condé-en-Normandie;313;9;322
84;Auvergne-Rhône-Alpes;15;014;Aurillac;02;1501402;Aurillac-1;6061;166;6227
84;Auvergne-Rhône-Alpes;15;014;Aurillac;03;1501403;Aurillac-2;9828;834;10662
84;Auvergne-Rhône-Alpes;15;014;Aurillac;04;1501404;Aurillac-3;10300;291;10591
84;Auvergne-Rhône-Alpes;15;187;Saint-Flour;11;1518711;Saint-Flour-1;1819;102;1921
84;Auvergne-Rhône-Alpes;15;187;Saint-Flour;12;1518712;Saint-Flour-2;4571;390;4961
75;Nouvelle-Aquitaine;16;015;Angoulême;01;1601501;Angoulême-1;14894;366;15260
75;Nouvelle-Aquitaine;16;015;Angoulême;02;1601502;Angoulême-2;13821;554;14375
75;Nouvelle-Aquitaine;16;015;Angoulême;03;1601503;Angoulême-3;12708;640;13348
75;Nouvelle-Aquitaine;16;192;Terres-de-Haute-Charente;06;1619206;Charente-Bonnieure;3072;54;3126
75;Nouvelle-Aquitaine;16;192;Terres-de-Haute-Charente;10;1619210;Charente-Vienne;718;65;783
75;Nouvelle-Aquitaine;16;102;Cognac;11;1610211;Cognac-1;8673;268;8941
75;Nouvelle-Aquitaine;16;102;Cognac;12;1610212;Cognac-2;9793;175;9968
75;Nouvelle-Aquitaine;17;300;La Rochelle;14;1730014;La Rochelle-1;27060;355;27415
75;Nouvelle-Aquitaine;17;300;La Rochelle;15;1730015;La Rochelle-2;26602;940;27542
75;Nouvelle-Aquitaine;17;300;La Rochelle;16;1730016;La Rochelle-3;26299;730;27029
24;Centre-Val de Loire;18;033;Bourges;03;1803303;Bourges-1;18039;495;18534
24;Centre-Val de Loire;18;033;Bourges;04;1803304;Bourges-2;15488;191;15679
24;Centre-Val de Loire;18;033;Bourges;05;1803305;Bourges-3;13923;568;14491
24;Centre-Val de Loire;18;033;Bourges;06;1803306;Bourges-4;16788;785;17573
24;Centre-Val de Loire;18;173;Osmery;09;1817309;Dun-sur-Auron;239;2;241
24;Centre-Val de Loire;18;173;Osmery;10;1817310;La Guerche-sur-l'Aubois;34;1;35
24;Centre-Val de Loire;18;279;Vierzon;18;1827918;Vierzon-1;14854;303;15157
24;Centre-Val de Loire;18;279;Vierzon;19;1827919;Vierzon-2;10400;150;10550
75;Nouvelle-Aquitaine;19;031;Brive-la-Gaillarde;03;1903103;Brive-la-Gaillarde-1;12118;354;12472
75;Nouvelle-Aquitaine;19;031;Brive-la-Gaillarde;04;1903104;Brive-la-Gaillarde-2;12787;358;13145
75;Nouvelle-Aquitaine;19;031;Brive-la-Gaillarde;05;1903105;Brive-la-Gaillarde-3;8760;125;8885
75;Nouvelle-Aquitaine;19;031;Brive-la-Gaillarde;06;1903106;Brive-la-Gaillarde-4;13104;342;13446
27;Bourgogne-Franche-Comté;21;231;Dijon;08;2123108;Dijon-1;25172;550;25722
27;Bourgogne-Franche-Comté;21;231;Dijon;09;2123109;Dijon-2;28603;485;29088
27;Bourgogne-Franche-Comté;21;231;Dijon;10;2123110;Dijon-3;24860;558;25418
27;Bourgogne-Franche-Comté;21;231;Dijon;11;2123111;Dijon-4;29705;610;30315
27;Bourgogne-Franche-Comté;21;231;Dijon;12;2123112;Dijon-5;26467;624;27091
27;Bourgogne-Franche-Comté;21;231;Dijon;13;2123113;Dijon-6;25134;401;25535
53;Bretagne;22;093;Lamballe-Armor;06;2209306;Lamballe-Armor;14706;459;15165
53;Bretagne;22;093;Lamballe-Armor;17;2209317;Pléneuf-Val-André;2205;35;2240
53;Bretagne;22;278;Saint-Brieuc;24;2227824;Saint-Brieuc-1;22381;652;23033
53;Bretagne;22;278;Saint-Brieuc;25;2227825;Saint-Brieuc-2;22226;727;22953
75;Nouvelle-Aquitaine;23;096;Guéret;12;2309612;Guéret-1;5152;96;5248
75;Nouvelle-Aquitaine;23;096;Guéret;13;2309613;Guéret-2;7662;534;8196
75;Nouvelle-Aquitaine;24;037;Bergerac;01;2403701;Bergerac-1;17967;580;18547
75;Nouvelle-Aquitaine;24;037;Bergerac;02;2403702;Bergerac-2;8885;194;9079
75;Nouvelle-Aquitaine;24;026;Bassillac et Auberoche;05;2402605;Le Haut-Périgord Noir;1777;26;1803
75;Nouvelle-Aquitaine;24;026;Bassillac et Auberoche;07;2402607;Isle-Manoire;2588;57;2645
75;Nouvelle-Aquitaine;24;312;Sanilhac;07;2431207;Isle-Manoire;4446;100;4546
75;Nouvelle-Aquitaine;24;312;Sanilhac;12;2431212;Périgord Central;274;2;276
75;Nouvelle-Aquitaine;24;322;Périgueux;14;2432214;Périgueux-1;15828;848;16676
75;Nouvelle-Aquitaine;24;322;Périgueux;15;2432215;Périgueux-2;14048;636;14684
27;Bourgogne-Franche-Comté;25;056;Besançon;04;2505604;Besançon-1;22541;423;22964
27;Bourgogne-Franche-Comté;25;056;Besançon;05;2505605;Besançon-2;17829;508;18337
27;Bourgogne-Franche-Comté;25;056;Besançon;06;2505606;Besançon-3;22727;845;23572
27;Bourgogne-Franche-Comté;25;056;Besançon;07;2505607;Besançon-4;24967;431;25398
27;Bourgogne-Franche-Comté;25;056;Besançon;08;2505608;Besançon-5;10796;353;11149
27;Bourgogne-Franche-Comté;25;056;Besançon;09;2505609;Besançon-6;21197;655;21852
84;Auvergne-Rhône-Alpes;26;281;Romans-sur-Isère;01;2628101;Bourg-de-Péage;17104;456;17560
84;Auvergne-Rhône-Alpes;26;198;Montélimar;08;2619808;Montélimar-1;21090;675;21765
84;Auvergne-Rhône-Alpes;26;198;Montélimar;09;2619809;Montélimar-2;19266;451;19717
84;Auvergne-Rhône-Alpes;26;281;Romans-sur-Isère;11;2628111;Romans-sur-Isère;16035;199;16234
84;Auvergne-Rhône-Alpes;26;362;Valence;15;2636215;Valence-1;5437;53;5490
84;Auvergne-Rhône-Alpes;26;362;Valence;16;2636216;Valence-2;16170;392;16562
84;Auvergne-Rhône-Alpes;26;362;Valence;17;2636217;Valence-3;14651;253;14904
84;Auvergne-Rhône-Alpes;26;362;Valence;18;2636218;Valence-4;28030;500;28530
28;Normandie;27;198;Mesnils-sur-Iton;06;2719806;Breteuil;919;12;931
28;Normandie;27;679;Verneuil d'Avre et d'Iton;06;2767906;Breteuil;1147;21;1168
28;Normandie;27;229;Évreux;09;2722909;Évreux-1;17819;737;18556
28;Normandie;27;229;Évreux;10;2722910;Évreux-2;18542;296;18838
28;Normandie;27;229;Évreux;11;2722911;Évreux-3;11974;246;12220
28;Normandie;27;198;Mesnils-sur-Iton;22;2719822;Verneuil d'Avre et d'Iton;5223;203;5426
28;Normandie;27;679;Verneuil d'Avre et d'Iton;22;2767922;Verneuil d'Avre et d'Iton;6115;321;6436
24;Centre-Val de Loire;28;085;Chartres;04;2808504;Chartres-1;16064;372;16436
24;Centre-Val de Loire;28;085;Chartres;05;2808505;Chartres-2;9882;238;10120
24;Centre-Val de Loire;28;085;Chartres;06;2808506;Chartres-3;12044;354;12398
24;Centre-Val de Loire;28;134;Dreux;08;2813408;Dreux-1;10613;124;10737
24;Centre-Val de Loire;28;134;Dreux;09;2813409;Dreux-2;20592;360;20952
53;Bretagne;29;019;Brest;01;2901901;Brest-1;32077;446;32523
53;Bretagne;29;019;Brest;02;2901902;Brest-2;35761;431;36192
53;Bretagne;29;019;Brest;03;2901903;Brest-3;18673;409;19082
53;Bretagne;29;019;Brest;04;2901904;Brest-4;17649;261;17910
53;Bretagne;29;019;Brest;05;2901905;Brest-5;36833;990;37823
53;Bretagne;29;232;Quimper;23;2923223;Quimper-1;24454;849;25303
53;Bretagne;29;232;Quimper;24;2923224;Quimper-2;40076;1346;41422
94;Corse;2A;004;Ajaccio;01;2A00401;Ajaccio-1;17627;197;17824
94;Corse;2A;004;Ajaccio;02;2A00402;Ajaccio-2;14456;166;14622
94;Corse;2A;004;Ajaccio;03;2A00403;Ajaccio-3;17453;181;17634
94;Corse;2A;004;Ajaccio;04;2A00404;Ajaccio-4;14987;171;15158
94;Corse;2A;004;Ajaccio;05;2A00405;Ajaccio-5;10820;106;10926
94;Corse;2A;247;Porto-Vecchio;06;2A24706;Bavella;6174;95;6269
94;Corse;2A;247;Porto-Vecchio;07;2A24707;Grand Sud;5362;78;5440
94;Corse;2B;033;Bastia;01;2B03301;Bastia-1;9718;151;9869
94;Corse;2B;033;Bastia;02;2B03302;Bastia-2;13401;160;13561
94;Corse;2B;033;Bastia;03;2B03303;Bastia-3;14798;67;14865
94;Corse;2B;033;Bastia;04;2B03304;Bastia-4;9542;204;9746
76;Occitanie;30;007;Alès;02;3000702;Alès-1;13781;254;14035
76;Occitanie;30;007;Alès;03;3000703;Alès-2;13661;133;13794
76;Occitanie;30;007;Alès;04;3000704;Alès-3;17583;140;17723
76;Occitanie;30;189;Nîmes;10;3018910;Nîmes-1;38727;689;39416
76;Occitanie;30;189;Nîmes;11;3018911;Nîmes-2;37721;414;38135
76;Occitanie;30;189;Nîmes;12;3018912;Nîmes-3;36297;450;36747
76;Occitanie;30;189;Nîmes;13;3018913;Nîmes-4;37253;605;37858
76;Occitanie;30;189;Nîmes;19;3018919;Saint-Gilles;446;10;456
76;Occitanie;31;555;Toulouse;15;3155515;Toulouse-1;62682;731;63413
76;Occitanie;31;555;Toulouse;16;3155516;Toulouse-2;58335;397;58732
76;Occitanie;31;555;Toulouse;17;3155517;Toulouse-3;51453;589;52042
76;Occitanie;31;555;Toulouse;18;3155518;Toulouse-4;51564;540;52104
76;Occitanie;31;555;Toulouse;19;3155519;Toulouse-5;47326;297;47623
76;Occitanie;31;555;Toulouse;20;3155520;Toulouse-6;60832;458;61290
76;Occitanie;31;555;Toulouse;21;3155521;Toulouse-7;10811;71;10882
76;Occitanie;31;555;Toulouse;22;3155522;Toulouse-8;70905;633;71538
76;Occitanie;31;555;Toulouse;23;3155523;Toulouse-9;34276;409;34685
76;Occitanie;31;555;Toulouse;24;3155524;Toulouse-10;24842;500;25342
76;Occitanie;31;555;Toulouse;25;3155525;Toulouse-11;38658;426;39084
76;Occitanie;32;013;Auch;04;3201304;Auch-1;6954;513;7467
76;Occitanie;32;013;Auch;05;3201305;Auch-2;6236;356;6592
76;Occitanie;32;013;Auch;06;3201306;Auch-3;9635;149;9784
75;Nouvelle-Aquitaine;33;063;Bordeaux;02;3306302;Bordeaux-1;45173;474;45647
75;Nouvelle-Aquitaine;33;063;Bordeaux;03;3306303;Bordeaux-2;49696;1059;50755
75;Nouvelle-Aquitaine;33;063;Bordeaux;04;3306304;Bordeaux-3;48394;852;49246
75;Nouvelle-Aquitaine;33;063;Bordeaux;05;3306305;Bordeaux-4;66340;577;66917
75;Nouvelle-Aquitaine;33;063;Bordeaux;06;3306306;Bordeaux-5;55725;532;56257
75;Nouvelle-Aquitaine;33;281;Mérignac;18;3328118;Mérignac-1;42204;481;42685
75;Nouvelle-Aquitaine;33;281;Mérignac;19;3328119;Mérignac-2;34932;376;35308
75;Nouvelle-Aquitaine;33;318;Pessac;23;3331823;Pessac-1;33569;419;33988
75;Nouvelle-Aquitaine;33;318;Pessac;24;3331824;Pessac-2;33305;377;33682
75;Nouvelle-Aquitaine;33;039;Bègles;31;3303931;Talence;6705;54;6759
75;Nouvelle-Aquitaine;33;039;Bègles;33;3303933;Villenave-d'Ornon;24263;291;24554
76;Occitanie;34;032;Béziers;02;3403202;Béziers-1;20223;226;20449
76;Occitanie;34;032;Béziers;03;3403203;Béziers-2;38826;439;39265
76;Occitanie;34;032;Béziers;04;3403204;Béziers-3;21766;414;22180
76;Occitanie;34;172;Montpellier;15;3417215;Montpellier-1;47354;349;47703
76;Occitanie;34;172;Montpellier;16;3417216;Montpellier-2;56277;650;56927
76;Occitanie;34;172;Montpellier;17;3417217;Montpellier-3;54287;980;55267
76;Occitanie;34;172;Montpellier;18;3417218;Montpellier-4;68969;375;69344
76;Occitanie;34;172;Montpellier;19;3417219;Montpellier-5;54215;610;54825
76;Occitanie;34;172;Montpellier;20;3417220;Montpellier - Castelnau-le-Lez;25999;546;26545
53;Bretagne;35;115;Fougères;08;3511508;Fougères-1;6436;276;6712
53;Bretagne;35;115;Fougères;09;3511509;Fougères-2;14166;343;14509
53;Bretagne;35;238;Rennes;18;3523818;Rennes-1;41681;789;42470
53;Bretagne;35;238;Rennes;19;3523819;Rennes-2;43521;1144;44665
53;Bretagne;35;238;Rennes;20;3523820;Rennes-3;34162;334;34496
53;Bretagne;35;238;Rennes;21;3523821;Rennes-4;37867;589;38456
53;Bretagne;35;238;Rennes;22;3523822;Rennes-5;34790;788;35578
53;Bretagne;35;238;Rennes;23;3523823;Rennes-6;35809;511;36320
53;Bretagne;35;288;Saint-Malo;25;3528825;Saint-Malo-1;30850;917;31767
53;Bretagne;35;288;Saint-Malo;26;3528826;Saint-Malo-2;16405;341;16746
24;Centre-Val de Loire;36;202;Saint-Maur;04;3620204;Buzançais;3145;63;3208
24;Centre-Val de Loire;36;044;Châteauroux;05;3604405;Châteauroux-1;9196;329;9525
24;Centre-Val de Loire;36;044;Châteauroux;06;3604406;Châteauroux-2;16012;674;16686
24;Centre-Val de Loire;36;044;Châteauroux;07;3604407;Châteauroux-3;17871;582;18453
24;Centre-Val de Loire;36;202;Saint-Maur;10;3620210;Levroux;444;4;448
24;Centre-Val de Loire;37;261;Tours;15;3726115;Tours-1;43346;813;44159
24;Centre-Val de Loire;37;261;Tours;16;3726116;Tours-2;31401;402;31803
24;Centre-Val de Loire;37;261;Tours;17;3726117;Tours-3;31669;686;32355
24;Centre-Val de Loire;37;261;Tours;18;3726118;Tours-4;32252;564;32816
84;Auvergne-Rhône-Alpes;38;169;Fontaine;06;3816906;Fontaine-Seyssinet;11089;108;11197
84;Auvergne-Rhône-Alpes;38;169;Fontaine;07;3816907;Fontaine-Vercors;11382;105;11487
84;Auvergne-Rhône-Alpes;38;185;Grenoble;09;3818509;Grenoble-1;44946;834;45780
84;Auvergne-Rhône-Alpes;38;185;Grenoble;10;3818510;Grenoble-2;20281;228;20509
84;Auvergne-Rhône-Alpes;38;185;Grenoble;11;3818511;Grenoble-3;48295;708;49003
84;Auvergne-Rhône-Alpes;38;185;Grenoble;12;3818512;Grenoble-4;42867;442;43309
84;Auvergne-Rhône-Alpes;38;544;Vienne;27;3854427;Vienne-1;17606;187;17793
84;Auvergne-Rhône-Alpes;38;544;Vienne;28;3854428;Vienne-2;13949;196;14145
27;Bourgogne-Franche-Comté;39;198;Dole;05;3919805;Dole-1;13727;463;14190
27;Bourgogne-Franche-Comté;39;198;Dole;06;3919806;Dole-2;10057;353;10410
27;Bourgogne-Franche-Comté;39;300;Lons-le-Saunier;07;3930007;Lons-le-Saunier-1;7750;482;8232
27;Bourgogne-Franche-Comté;39;300;Lons-le-Saunier;08;3930008;Lons-le-Saunier-2;9192;376;9568
75;Nouvelle-Aquitaine;40;088;Dax;05;4008805;Dax-1;1860;30;1890
75;Nouvelle-Aquitaine;40;088;Dax;06;4008806;Dax-2;19856;799;20655
75;Nouvelle-Aquitaine;40;192;Mont-de-Marsan;10;4019210;Mont-de-Marsan-1;20669;946;21615
75;Nouvelle-Aquitaine;40;192;Mont-de-Marsan;11;4019211;Mont-de-Marsan-2;10786;466;11252
24;Centre-Val de Loire;41;018;Blois;02;4101802;Blois-1;21105;194;21299
24;Centre-Val de Loire;41;018;Blois;03;4101803;Blois-2;15095;561;15656
24;Centre-Val de Loire;41;059;Le Controis-en-Sologne;04;4105904;Blois-3;2240;68;2308
24;Centre-Val de Loire;41;018;Blois;04;4101804;Blois-3;8877;678;9555
24;Centre-Val de Loire;41;059;Le Controis-en-Sologne;07;4105907;Montrichard Val de Cher;4547;81;4628
24;Centre-Val de Loire;41;018;Blois;15;4101815;Vineuil;2015;57;2072
84;Auvergne-Rhône-Alpes;42;187;Roanne;11;4218711;Roanne-1;22509;533;23042
84;Auvergne-Rhône-Alpes;42;187;Roanne;12;4218712;Roanne-2;12855;162;13017
84;Auvergne-Rhône-Alpes;42;218;Saint-Étienne;14;4221814;Saint-Etienne-1;39078;385;39463
84;Auvergne-Rhône-Alpes;42;218;Saint-Étienne;15;4221815;Saint-Etienne-2;15897;137;16034
84;Auvergne-Rhône-Alpes;42;218;Saint-Étienne;16;4221816;Saint-Etienne-3;26088;277;26365
84;Auvergne-Rhône-Alpes;42;218;Saint-Étienne;17;4221817;Saint-Etienne-4;28290;222;28512
84;Auvergne-Rhône-Alpes;42;218;Saint-Étienne;18;4221818;Saint-Etienne-5;22769;112;22881
84;Auvergne-Rhône-Alpes;42;218;Saint-Étienne;19;4221819;Saint-Etienne-6;40447;520;40967
84;Auvergne-Rhône-Alpes;43;157;Le Puy-en-Velay;12;4315712;Le Puy-en-Velay-1;5376;61;5437
84;Auvergne-Rhône-Alpes;43;157;Le Puy-en-Velay;13;4315713;Le Puy-en-Velay-2;4632;159;4791
84;Auvergne-Rhône-Alpes;43;157;Le Puy-en-Velay;14;4315714;Le Puy-en-Velay-3;1892;169;2061
84;Auvergne-Rhône-Alpes;43;157;Le Puy-en-Velay;15;4315715;Le Puy-en-Velay-4;7089;431;7520
52;Pays de la Loire;44;005;Chaumes-en-Retz;10;4400510;Machecoul-Saint-Même;2791;42;2833
52;Pays de la Loire;44;109;Nantes;11;4410911;Nantes-1;43745;884;44629
52;Pays de la Loire;44;109;Nantes;12;4410912;Nantes-2;43705;678;44383
52;Pays de la Loire;44;109;Nantes;13;4410913;Nantes-3;56536;772;57308
52;Pays de la Loire;44;109;Nantes;14;4410914;Nantes-4;39015;607;39622
52;Pays de la Loire;44;109;Nantes;15;4410915;Nantes-5;42627;436;43063
52;Pays de la Loire;44;109;Nantes;16;4410916;Nantes-6;47886;717;48603
52;Pays de la Loire;44;109;Nantes;17;4410917;Nantes-7;51556;645;52201
52;Pays de la Loire;44;005;Chaumes-en-Retz;20;4400520;Pornic;4497;70;4567
52;Pays de la Loire;44;143;Rezé;21;4414321;Rezé-1;4898;70;4968
52;Pays de la Loire;44;143;Rezé;22;4414322;Rezé-2;38451;636;39087
52;Pays de la Loire;44;162;Saint-Herblain;24;4416224;Saint-Herblain-1;25816;453;26269
52;Pays de la Loire;44;162;Saint-Herblain;25;4416225;Saint-Herblain-2;24745;268;25013
52;Pays de la Loire;44;184;Saint-Nazaire;26;4418426;Saint-Nazaire-1;50058;1351;51409
52;Pays de la Loire;44;184;Saint-Nazaire;27;4418427;Saint-Nazaire-2;23053;316;23369
24;Centre-Val de Loire;45;234;Orléans;05;4523405;La Ferté-Saint-Aubin;13345;180;13525
24;Centre-Val de Loire;45;234;Orléans;13;4523413;Orléans-1;24434;352;24786
24;Centre-Val de Loire;45;234;Orléans;14;4523414;Orléans-2;26930;781;27711
24;Centre-Val de Loire;45;234;Orléans;15;4523415;Orléans-3;14987;206;15193
24;Centre-Val de Loire;45;234;Orléans;16;4523416;Orléans-4;36648;953;37601
76;Occitanie;46;042;Cahors;01;4604201;Cahors-1;7068;187;7255
76;Occitanie;46;042;Cahors;02;4604202;Cahors-2;6171;558;6729
76;Occitanie;46;042;Cahors;03;4604203;Cahors-3;6663;135;6798
76;Occitanie;46;102;Figeac;07;4610207;Figeac-1;5526;347;5873
76;Occitanie;46;102;Figeac;08;4610208;Figeac-2;4231;245;4476
75;Nouvelle-Aquitaine;47;001;Agen;01;4700101;Agen-1;6079;65;6144
75;Nouvelle-Aquitaine;47;001;Agen;02;4700102;Agen-2;1957;19;1976
75;Nouvelle-Aquitaine;47;001;Agen;03;4700103;Agen-3;15407;416;15823
75;Nouvelle-Aquitaine;47;001;Agen;04;4700104;Agen-4;8750;295;9045
75;Nouvelle-Aquitaine;47;157;Marmande;13;4715713;Marmande-1;8517;294;8811
75;Nouvelle-Aquitaine;47;157;Marmande;14;4715714;Marmande-2;8844;194;9038
75;Nouvelle-Aquitaine;47;323;Villeneuve-sur-Lot;20;4732320;Villeneuve-sur-Lot-1;14355;358;14713
75;Nouvelle-Aquitaine;47;323;Villeneuve-sur-Lot;21;4732321;Villeneuve-sur-Lot-2;7649;378;8027
76;Occitanie;48;095;Mende;09;4809509;Mende-1;6172;491;6663
76;Occitanie;48;095;Mende;10;4809510;Mende-2;6150;308;6458
52;Pays de la Loire;49;007;Angers;01;4900701;Angers-1;43828;970;44798
52;Pays de la Loire;49;007;Angers;02;4900702;Angers-2;31885;834;32719
52;Pays de la Loire;49;007;Angers;03;4900703;Angers-3;24223;310;24533
52;Pays de la Loire;49;200;Longuenée-en-Anjou;04;4920004;Angers-4;5709;124;5833
52;Pays de la Loire;49;007;Angers;04;4900704;Angers-4;15682;441;16123
52;Pays de la Loire;49;007;Angers;05;4900705;Angers-5;26062;484;26546
52;Pays de la Loire;49;007;Angers;06;4900706;Angers-6;7703;108;7811
52;Pays de la Loire;49;007;Angers;07;4900707;Angers-7;8172;128;8300
52;Pays de la Loire;49;367;Erdre-en-Anjou;10;4936710;Chalonnes-sur-Loire;2009;27;2036
52;Pays de la Loire;49;099;Cholet;12;4909912;Cholet-1;42645;1384;44029
52;Pays de la Loire;49;099;Cholet;13;4909913;Cholet-2;11429;561;11990
52;Pays de la Loire;49;261;Gennes-Val-de-Loire;14;4926114;Doué-en-Anjou;5003;104;5107
52;Pays de la Loire;49;050;Brissac Loire Aubance;14;4905014;Doué-en-Anjou;1355;25;1380
52;Pays de la Loire;49;261;Gennes-Val-de-Loire;15;4926115;Longué-Jumelles;3449;61;3510
52;Pays de la Loire;49;050;Brissac Loire Aubance;17;4905017;Les Ponts-de-Cé;9645;237;9882
52;Pays de la Loire;49;200;Longuenée-en-Anjou;21;4920021;Tiercé;744;10;754
52;Pays de la Loire;49;367;Erdre-en-Anjou;21;4936721;Tiercé;3775;53;3828
28;Normandie;50;025;Avranches;02;5002502;Avranches;7732;426;8158
28;Normandie;50;099;Carentan-les-Marais;05;5009905;Carentan-les-Marais;9613;149;9762
28;Normandie;50;129;Cherbourg-en-Cotentin;06;5012906;Cherbourg-en-Cotentin-1;16764;595;17359
28;Normandie;50;129;Cherbourg-en-Cotentin;07;5012907;Cherbourg-en-Cotentin-2;15598;438;16036
28;Normandie;50;129;Cherbourg-en-Cotentin;08;5012908;Cherbourg-en-Cotentin-3;8997;136;9133
28;Normandie;50;129;Cherbourg-en-Cotentin;12;5012912;Cherbourg-en-Cotentin-4;15780;433;16213
28;Normandie;50;129;Cherbourg-en-Cotentin;14;5012914;La Hague;4956;104;5060
28;Normandie;50;025;Avranches;15;5002515;Isigny-le-Buat;2493;77;2570
28;Normandie;50;099;Carentan-les-Marais;18;5009918;Pont-Hébert;607;6;613
28;Normandie;50;502;Saint-Lô;22;5050222;Saint-Lô-1;7651;491;8142
28;Normandie;50;502;Saint-Lô;23;5050223;Saint-Lô-2;11701;282;11983
28;Normandie;50;129;Cherbourg-en-Cotentin;24;5012924;Cherbourg-en-Cotentin-5;15933;408;16341
44;Grand Est;51;108;Châlons-en-Champagne;03;5110803;Châlons-en-Champagne-1;19865;282;20147
44;Grand Est;51;108;Châlons-en-Champagne;04;5110804;Châlons-en-Champagne-2;16805;598;17403
44;Grand Est;51;108;Châlons-en-Champagne;05;5110805;Châlons-en-Champagne-3;6548;87;6635
44;Grand Est;51;230;Épernay;07;5123007;Épernay-1;7599;198;7797
44;Grand Est;51;230;Épernay;08;5123008;Épernay-2;14423;264;14687
44;Grand Est;51;454;Reims;11;5145411;Reims-1;26673;618;27291
44;Grand Est;51;454;Reims;12;5145412;Reims-2;20024;306;20330
44;Grand Est;51;454;Reims;13;5145413;Reims-3;21074;380;21454
44;Grand Est;51;454;Reims;14;5145414;Reims-4;9856;86;9942
44;Grand Est;51;454;Reims;15;5145415;Reims-5;13477;158;13635
44;Grand Est;51;454;Reims;16;5145416;Reims-6;26996;283;27279
44;Grand Est;51;454;Reims;17;5145417;Reims-7;28551;381;28932
44;Grand Est;51;454;Reims;18;5145418;Reims-8;9007;63;9070
44;Grand Est;51;454;Reims;19;5145419;Reims-9;22820;669;23489
44;Grand Est;52;121;Chaumont;05;5212105;Chaumont-1;7737;178;7915
44;Grand Est;52;121;Chaumont;06;5212106;Chaumont-2;6005;349;6354
44;Grand Est;52;121;Chaumont;07;5212107;Chaumont-3;7676;592;8268
44;Grand Est;52;448;Saint-Dizier;13;5244813;Saint-Dizier-1;4974;67;5041
44;Grand Est;52;448;Saint-Dizier;14;5244814;Saint-Dizier-2;10386;232;10618
44;Grand Est;52;448;Saint-Dizier;15;5244815;Saint-Dizier-3;7451;101;7552
52;Pays de la Loire;53;062;Château-Gontier-sur-Mayenne;01;5306201;Château-Gontier-sur-Mayenne-1;5117;259;5376
52;Pays de la Loire;53;062;Château-Gontier-sur-Mayenne;03;5306203;Château-Gontier-sur-Mayenne-2;11422;410;11832
52;Pays de la Loire;53;130;Laval;10;5313010;Laval-1;18917;1059;19976
52;Pays de la Loire;53;130;Laval;11;5313011;Laval-2;16322;673;16995
52;Pays de la Loire;53;130;Laval;12;5313012;Laval-3;14235;697;14932
44;Grand Est;54;329;Lunéville;08;5432908;Lunéville-1;11151;238;11389
44;Grand Est;54;329;Lunéville;09;5432909;Lunéville-2;6769;52;6821
44;Grand Est;54;395;Nancy;12;5439512;Nancy-1;35460;611;36071
44;Grand Est;54;395;Nancy;13;5439513;Nancy-2;32170;443;32613
44;Grand Est;54;395;Nancy;14;5439514;Nancy-3;36757;351;37108
44;Grand Est;55;029;Bar-le-Duc;02;5502902;Bar-le-Duc-1;7013;209;7222
44;Grand Est;55;029;Bar-le-Duc;03;5502903;Bar-le-Duc-2;7602;391;7993
44;Grand Est;55;545;Verdun;16;5554516;Verdun-1;9583;598;10181
44;Grand Est;55;545;Verdun;17;5554517;Verdun-2;7027;342;7369
53;Bretagne;56;121;Lorient;08;5612108;Lorient-1;29573;981;30554
53;Bretagne;56;121;Lorient;09;5612109;Lorient-2;28629;470;29099
53;Bretagne;56;260;Vannes;19;5626019;Vannes-1;33190;1350;34540
53;Bretagne;56;260;Vannes;20;5626020;Vannes-2;10572;335;10907
53;Bretagne;56;260;Vannes;21;5626021;Vannes-3;11193;257;11450
44;Grand Est;57;463;Metz;11;5746311;Metz-1;39079;521;39600
44;Grand Est;57;463;Metz;12;5746312;Metz-2;41066;739;41805
44;Grand Est;57;463;Metz;13;5746313;Metz-3;41550;577;42127
44;Grand Est;57;672;Thionville;26;5767226;Thionville;41354;682;42036
44;Grand Est;57;672;Thionville;27;5767227;Yutz;1424;32;1456
27;Bourgogne-Franche-Comté;58;194;Nevers;11;5819411;Nevers-1;7638;275;7913
27;Bourgogne-Franche-Comté;58;194;Nevers;12;5819412;Nevers-2;6082;76;6158
27;Bourgogne-Franche-Comté;58;194;Nevers;13;5819413;Nevers-3;9150;186;9336
27;Bourgogne-Franche-Comté;58;194;Nevers;14;5819414;Nevers-4;10302;410;10712
32;Hauts-de-France;59;183;Dunkerque;16;5918316;Dunkerque-1;51839;496;52335
32;Hauts-de-France;59;183;Dunkerque;17;5918317;Dunkerque-2;34956;740;35696
32;Hauts-de-France;59;183;Dunkerque;20;5918320;Grande-Synthe;218;3;221
32;Hauts-de-France;59;350;Lille;23;5935023;Lille-1;18797;145;18942
32;Hauts-de-France;59;350;Lille;24;5935024;Lille-2;7343;64;7407
32;Hauts-de-France;59;350;Lille;25;5935025;Lille-3;50156;311;50467
32;Hauts-de-France;59;350;Lille;26;5935026;Lille-4;49335;412;49747
32;Hauts-de-France;59;350;Lille;27;5935027;Lille-5;75426;626;76052
32;Hauts-de-France;59;350;Lille;28;5935028;Lille-6;37638;270;37908
32;Hauts-de-France;59;512;Roubaix;32;5951232;Roubaix-1;77231;268;77499
32;Hauts-de-France;59;512;Roubaix;33;5951233;Roubaix-2;22276;151;22427
32;Hauts-de-France;59;599;Tourcoing;37;5959937;Tourcoing-1;22311;114;22425
32;Hauts-de-France;59;599;Tourcoing;38;5959938;Tourcoing-2;76849;484;77333
32;Hauts-de-France;60;057;Beauvais;01;6005701;Beauvais-1;34848;657;35505
32;Hauts-de-France;60;057;Beauvais;02;6005702;Beauvais-2;21058;735;21793
32;Hauts-de-France;60;159;Compiègne;06;6015906;Compiègne-1;15565;426;15991
32;Hauts-de-France;60;159;Compiègne;07;6015907;Compiègne-2;25243;591;25834
28;Normandie;61;001;Alençon;02;6100102;Alençon-1;15073;542;15615
28;Normandie;61;001;Alençon;03;6100103;Alençon-2;10594;169;10763
28;Normandie;61;006;Argentan;04;6100604;Argentan-1;7872;225;8097
28;Normandie;61;006;Argentan;05;6100605;Argentan-2;5622;130;5752
28;Normandie;61;169;Flers;13;6116913;Flers-1;6847;116;6963
28;Normandie;61;169;Flers;14;6116914;Flers-2;7461;200;7661
32;Hauts-de-France;62;041;Arras;02;6204102;Arras-1;14828;218;15046
32;Hauts-de-France;62;041;Arras;03;6204103;Arras-2;16854;511;17365
32;Hauts-de-France;62;041;Arras;04;6204104;Arras-3;10939;146;11085
32;Hauts-de-France;62;160;Boulogne-sur-Mer;13;6216013;Boulogne-sur-Mer-1;22835;148;22983
32;Hauts-de-France;62;160;Boulogne-sur-Mer;14;6216014;Boulogne-sur-Mer-2;18204;252;18456
32;Hauts-de-France;62;193;Calais;18;6219318;Calais-1;23403;260;23663
32;Hauts-de-France;62;193;Calais;19;6219319;Calais-2;5882;36;5918
32;Hauts-de-France;62;193;Calais;20;6219320;Calais-3;38300;350;38650
32;Hauts-de-France;62;427;Hénin-Beaumont;27;6242727;Hénin-Beaumont-1;8878;101;8979
32;Hauts-de-France;62;427;Hénin-Beaumont;28;6242728;Hénin-Beaumont-2;16886;225;17111
84;Auvergne-Rhône-Alpes;63;113;Clermont-Ferrand;10;6311310;Clermont-Ferrand-1;22127;151;22278
84;Auvergne-Rhône-Alpes;63;113;Clermont-Ferrand;11;6311311;Clermont-Ferrand-2;25251;397;25648
84;Auvergne-Rhône-Alpes;63;113;Clermont-Ferrand;12;6311312;Clermont-Ferrand-3;24478;220;24698
84;Auvergne-Rhône-Alpes;63;113;Clermont-Ferrand;13;6311313;Clermont-Ferrand-4;22904;271;23175
84;Auvergne-Rhône-Alpes;63;113;Clermont-Ferrand;14;6311314;Clermont-Ferrand-5;26606;463;27069
84;Auvergne-Rhône-Alpes;63;113;Clermont-Ferrand;15;6311315;Clermont-Ferrand-6;26385;998;27383
75;Nouvelle-Aquitaine;64;024;Anglet;01;6402401;Anglet;26263;765;27028
75;Nouvelle-Aquitaine;64;102;Bayonne;04;6410204;Bayonne-1;6312;223;6535
75;Nouvelle-Aquitaine;64;024;Anglet;04;6402404;Bayonne-1;16025;330;16355
75;Nouvelle-Aquitaine;64;102;Bayonne;05;6410205;Bayonne-2;20203;359;20562
75;Nouvelle-Aquitaine;64;102;Bayonne;06;6410206;Bayonne-3;26797;690;27487
75;Nouvelle-Aquitaine;64;422;Oloron-Sainte-Marie;14;6442214;Oloron-Sainte-Marie-1;6754;441;7195
75;Nouvelle-Aquitaine;64;422;Oloron-Sainte-Marie;15;6442215;Oloron-Sainte-Marie-2;3904;210;4114
75;Nouvelle-Aquitaine;64;445;Pau;18;6444518;Pau-1;26116;393;26509
75;Nouvelle-Aquitaine;64;445;Pau;19;6444519;Pau-2;19428;246;19674
75;Nouvelle-Aquitaine;64;445;Pau;20;6444520;Pau-3;15011;496;15507
75;Nouvelle-Aquitaine;64;445;Pau;21;6444521;Pau-4;18065;227;18292
76;Occitanie;65;286;Lourdes;05;6528605;Lourdes-1;6731;170;6901
76;Occitanie;65;286;Lourdes;06;6528606;Lourdes-2;6535;116;6651
76;Occitanie;65;440;Tarbes;10;6544010;Tarbes-1;14040;182;14222
76;Occitanie;65;440;Tarbes;11;6544011;Tarbes-2;14818;146;14964
76;Occitanie;65;440;Tarbes;12;6544012;Tarbes-3;15671;593;16264
76;Occitanie;66;136;Perpignan;06;6613606;Perpignan-1;28168;294;28462
76;Occitanie;66;136;Perpignan;07;6613607;Perpignan-2;15297;303;15600
76;Occitanie;66;136;Perpignan;08;6613608;Perpignan-3;14021;231;14252
76;Occitanie;66;136;Perpignan;09;6613609;Perpignan-4;24493;298;24791
76;Occitanie;66;136;Perpignan;10;6613610;Perpignan-5;22318;236;22554
76;Occitanie;66;136;Perpignan;11;6613611;Perpignan-6;16699;148;16847
44;Grand Est;67;372;Val-de-Moder;02;6737202;Bouxwiller;133;1;134
44;Grand Est;67;372;Val-de-Moder;13;6737213;Reichshoffen;4914;63;4977
44;Grand Est;67;482;Strasbourg;17;6748217;Strasbourg-1;49326;366;49692
44;Grand Est;67;482;Strasbourg;18;6748218;Strasbourg-2;44894;291;45185
44;Grand Est;67;482;Strasbourg;19;6748219;Strasbourg-3;51373;281;51654
44;Grand Est;67;482;Strasbourg;20;6748220;Strasbourg-4;44153;544;44697
44;Grand Est;67;482;Strasbourg;21;6748221;Strasbourg-5;40146;692;40838
44;Grand Est;67;482;Strasbourg;22;6748222;Strasbourg-6;61817;681;62498
44;Grand Est;68;066;Colmar;04;6806604;Colmar-1;38173;543;38716
44;Grand Est;68;066;Colmar;05;6806605;Colmar-2;29187;487;29674
44;Grand Est;68;224;Mulhouse;10;6822410;Mulhouse-1;39122;432;39554
44;Grand Est;68;224;Mulhouse;11;6822411;Mulhouse-2;39843;383;40226
44;Grand Est;68;224;Mulhouse;12;6822412;Mulhouse-3;25959;356;26315
27;Bourgogne-Franche-Comté;70;285;Héricourt;03;7028503;Héricourt-1;2460;40;2500
27;Bourgogne-Franche-Comté;70;285;Héricourt;04;7028504;Héricourt-2;8065;201;8266
27;Bourgogne-Franche-Comté;70;310;Lure;06;7031006;Lure-1;4567;116;4683
27;Bourgogne-Franche-Comté;70;310;Lure;07;7031007;Lure-2;3345;68;3413
27;Bourgogne-Franche-Comté;70;245;Fougerolles-Saint-Valbert;08;7024508;Luxeuil-les-Bains;248;4;252
27;Bourgogne-Franche-Comté;70;245;Fougerolles-Saint-Valbert;13;7024513;Saint-Loup-sur-Semouse;3529;120;3649
27;Bourgogne-Franche-Comté;70;550;Vesoul;15;7055015;Vesoul-1;5304;146;5450
27;Bourgogne-Franche-Comté;70;550;Vesoul;16;7055016;Vesoul-2;10002;625;10627
27;Bourgogne-Franche-Comté;71;014;Autun;01;7101401;Autun-1;7935;396;8331
27;Bourgogne-Franche-Comté;71;014;Autun;02;7101402;Autun-2;5209;567;5776
27;Bourgogne-Franche-Comté;71;076;Chalon-sur-Saône;05;7107605;Chalon-sur-Saône-1;10829;143;10972
27;Bourgogne-Franche-Comté;71;076;Chalon-sur-Saône;06;7107606;Chalon-sur-Saône-2;21280;713;21993
27;Bourgogne-Franche-Comté;71;076;Chalon-sur-Saône;07;7107607;Chalon-sur-Saône-3;12483;519;13002
27;Bourgogne-Franche-Comté;71;153;Le Creusot;12;7115312;Le Creusot-1;11730;193;11923
27;Bourgogne-Franche-Comté;71;153;Le Creusot;13;7115313;Le Creusot-2;8806;128;8934
27;Bourgogne-Franche-Comté;71;270;Mâcon;21;7127021;Mâcon-1;14307;196;14503
27;Bourgogne-Franche-Comté;71;270;Mâcon;22;7127022;Mâcon-2;20452;513;20965
52;Pays de la Loire;72;181;Le Mans;10;7218110;Le Mans-1;21128;407;21535
52;Pays de la Loire;72;181;Le Mans;11;7218111;Le Mans-2;16217;264;16481
52;Pays de la Loire;72;181;Le Mans;12;7218112;Le Mans-3;30352;736;31088
52;Pays de la Loire;72;181;Le Mans;13;7218113;Le Mans-4;21587;413;22000
52;Pays de la Loire;72;181;Le Mans;14;7218114;Le Mans-5;24874;520;25394
52;Pays de la Loire;72;181;Le Mans;15;7218115;Le Mans-6;22152;194;22346
52;Pays de la Loire;72;181;Le Mans;16;7218116;Le Mans-7;8872;130;9002
84;Auvergne-Rhône-Alpes;73;008;Aix-les-Bains;01;7300801;Aix-les-Bains-1;8927;151;9078
84;Auvergne-Rhône-Alpes;73;008;Aix-les-Bains;02;7300802;Aix-les-Bains-2;23248;371;23619
84;Auvergne-Rhône-Alpes;73;011;Albertville;03;7301103;Albertville-1;10377;303;10680
84;Auvergne-Rhône-Alpes;73;011;Albertville;04;7301104;Albertville-2;9329;237;9566
84;Auvergne-Rhône-Alpes;73;065;Chambéry;07;7306507;Chambéry-1;21557;681;22238
84;Auvergne-Rhône-Alpes;73;065;Chambéry;08;7306508;Chambéry-2;19049;525;19574
84;Auvergne-Rhône-Alpes;73;065;Chambéry;09;7306509;Chambéry-3;19645;351;19996
84;Auvergne-Rhône-Alpes;74;010;Annecy;01;7401001;Annecy-1;25841;346;26187
84;Auvergne-Rhône-Alpes;74;010;Annecy;02;7401002;Annecy-2;35891;913;36804
84;Auvergne-Rhône-Alpes;74;010;Annecy;03;7401003;Annecy-3;27936;671;28607
84;Auvergne-Rhône-Alpes;74;010;Annecy;16;7401016;Annecy-4;41604;929;42533
28;Normandie;76;217;Dieppe;07;7621707;Dieppe-1;17705;344;18049
28;Normandie;76;217;Dieppe;08;7621708;Dieppe-2;10894;124;11018
28;Normandie;76;351;Le Havre;14;7635114;Le Havre-1;38548;419;38967
28;Normandie;76;351;Le Havre;15;7635115;Le Havre-2;10357;96;10453
28;Normandie;76;351;Le Havre;16;7635116;Le Havre-3;23147;99;23246
28;Normandie;76;351;Le Havre;17;7635117;Le Havre-4;34598;250;34848
28;Normandie;76;351;Le Havre;18;7635118;Le Havre-5;31249;589;31838
28;Normandie;76;351;Le Havre;19;7635119;Le Havre-6;28563;414;28977
28;Normandie;76;681;Sotteville-lès-Rouen;27;7668127;Le Petit-Quevilly;7669;198;7867
28;Normandie;76;540;Rouen;28;7654028;Rouen-1;41742;629;42371
28;Normandie;76;540;Rouen;29;7654029;Rouen-2;36346;622;36968
28;Normandie;76;540;Rouen;30;7654030;Rouen-3;38243;271;38514
28;Normandie;76;575;Saint-Étienne-du-Rouvray;31;7657531;Saint-Étienne-du-Rouvray;22013;181;22194
28;Normandie;76;681;Sotteville-lès-Rouen;34;7668134;Sotteville-lès-Rouen;21370;249;21619
28;Normandie;76;575;Saint-Étienne-du-Rouvray;34;7657534;Sotteville-lès-Rouen;6640;59;6699
11;Île-de-France;78;646;Versailles;20;7864620;Versailles-1;62868;1387;64255
11;Île-de-France;78;646;Versailles;21;7864621;Versailles-2;21050;305;21355
75;Nouvelle-Aquitaine;79;191;Niort;10;7919110;Niort-1;20777;604;21381
75;Nouvelle-Aquitaine;79;191;Niort;11;7919111;Niort-2;19184;672;19856
75;Nouvelle-Aquitaine;79;191;Niort;12;7919112;Niort-3;20113;545;20658
32;Hauts-de-France;80;001;Abbeville;01;8000101;Abbeville-1;12114;295;12409
32;Hauts-de-France;80;001;Abbeville;02;8000102;Abbeville-2;10292;96;10388
32;Hauts-de-France;80;021;Amiens;06;8002106;Amiens-1;26328;151;26479
32;Hauts-de-France;80;021;Amiens;07;8002107;Amiens-2;15603;180;15783
32;Hauts-de-France;80;021;Amiens;08;8002108;Amiens-3;17360;96;17456
32;Hauts-de-France;80;021;Amiens;09;8002109;Amiens-4;12535;371;12906
32;Hauts-de-France;80;021;Amiens;10;8002110;Amiens-5;20131;458;20589
32;Hauts-de-France;80;021;Amiens;11;8002111;Amiens-6;23904;1084;24988
32;Hauts-de-France;80;021;Amiens;12;8002112;Amiens-7;18919;353;19272
76;Occitanie;81;004;Albi;01;8100401;Albi-1;16021;615;16636
76;Occitanie;81;004;Albi;02;8100402;Albi-2;12051;359;12410
76;Occitanie;81;004;Albi;03;8100403;Albi-3;9532;370;9902
76;Occitanie;81;004;Albi;04;8100404;Albi-4;13001;186;13187
76;Occitanie;81;060;Carmaux;05;8106005;Carmaux-1 Le Ségala;5927;90;6017
76;Occitanie;81;060;Carmaux;06;8106006;Carmaux-2 Vallée du Cérou;4000;68;4068
76;Occitanie;81;065;Castres;07;8106507;Castres-1;18228;472;18700
76;Occitanie;81;065;Castres;08;8106508;Castres-2;9889;456;10345
76;Occitanie;81;065;Castres;09;8106509;Castres-3;14583;429;15012
76;Occitanie;81;163;Mazamet;16;8116316;Mazamet-1;2393;27;2420
76;Occitanie;81;163;Mazamet;17;8116317;Mazamet-2 Vallée du Thoré;7730;386;8116
76;Occitanie;82;121;Montauban;06;8212106;Montauban-1;20349;467;20816
76;Occitanie;82;121;Montauban;07;8212107;Montauban-2;19993;604;20597
76;Occitanie;82;121;Montauban;08;8212108;Montauban-3;22145;490;22635
93;Provence-Alpes-Côte d'Azur;83;069;Hyères;02;8306902;La Crau;7952;83;8035
93;Provence-Alpes-Côte d'Azur;83;061;Fréjus;05;8306105;Fréjus;46074;533;46607
93;Provence-Alpes-Côte d'Azur;83;069;Hyères;08;8306908;Hyères;47432;773;48205
93;Provence-Alpes-Côte d'Azur;83;061;Fréjus;14;8306114;Saint-Raphaël;12425;299;12724
93;Provence-Alpes-Côte d'Azur;83;126;La Seyne-sur-Mer;16;8312616;La Seyne-sur-Mer-1;53062;560;53622
93;Provence-Alpes-Côte d'Azur;83;126;La Seyne-sur-Mer;17;8312617;La Seyne-sur-Mer-2;9843;135;9978
93;Provence-Alpes-Côte d'Azur;83;137;Toulon;19;8313719;Toulon-1;52697;325;53022
93;Provence-Alpes-Côte d'Azur;83;137;Toulon;20;8313720;Toulon-2;45864;341;46205
93;Provence-Alpes-Côte d'Azur;83;137;Toulon;21;8313721;Toulon-3;26895;419;27314
93;Provence-Alpes-Côte d'Azur;83;137;Toulon;22;8313722;Toulon-4;55378;616;55994
93;Provence-Alpes-Côte d'Azur;84;007;Avignon;02;8400702;Avignon-1;29097;357;29454
93;Provence-Alpes-Côte d'Azur;84;007;Avignon;03;8400703;Avignon-2;32921;631;33552
93;Provence-Alpes-Côte d'Azur;84;007;Avignon;04;8400704;Avignon-3;29742;428;30170
52;Pays de la Loire;85;191;La Roche-sur-Yon;12;8519112;La Roche-sur-Yon-1;25990;1805;27795
52;Pays de la Loire;85;191;La Roche-sur-Yon;13;8519113;La Roche-sur-Yon-2;28709;1023;29732
75;Nouvelle-Aquitaine;86;066;Châtellerault;02;8606602;Châtellerault-1;8494;208;8702
75;Nouvelle-Aquitaine;86;066;Châtellerault;03;8606603;Châtellerault-2;9442;195;9637
75;Nouvelle-Aquitaine;86;066;Châtellerault;04;8606604;Châtellerault-3;13169;293;13462
75;Nouvelle-Aquitaine;86;194;Poitiers;13;8619413;Poitiers-1;17487;399;17886
75;Nouvelle-Aquitaine;86;194;Poitiers;14;8619414;Poitiers-2;16220;736;16956
75;Nouvelle-Aquitaine;86;194;Poitiers;15;8619415;Poitiers-3;27309;718;28027
75;Nouvelle-Aquitaine;86;194;Poitiers;16;8619416;Poitiers-4;16659;267;16926
75;Nouvelle-Aquitaine;86;194;Poitiers;17;8619417;Poitiers-5;11797;116;11913
75;Nouvelle-Aquitaine;87;085;Limoges;08;8708508;Limoges-1;18999;245;19244
75;Nouvelle-Aquitaine;87;085;Limoges;09;8708509;Limoges-2;15306;123;15429
75;Nouvelle-Aquitaine;87;085;Limoges;10;8708510;Limoges-3;16210;164;16374
75;Nouvelle-Aquitaine;87;085;Limoges;11;8708511;Limoges-4;15913;98;16011
75;Nouvelle-Aquitaine;87;085;Limoges;12;8708512;Limoges-5;7816;466;8282
75;Nouvelle-Aquitaine;87;085;Limoges;13;8708513;Limoges-6;17555;296;17851
75;Nouvelle-Aquitaine;87;085;Limoges;14;8708514;Limoges-7;13498;171;13669
75;Nouvelle-Aquitaine;87;085;Limoges;15;8708515;Limoges-8;15642;277;15919
75;Nouvelle-Aquitaine;87;085;Limoges;16;8708516;Limoges-9;8815;65;8880
44;Grand Est;88;160;Épinal;05;8816005;Épinal-1;12985;428;13413
44;Grand Est;88;160;Épinal;06;8816006;Épinal-2;19311;864;20175
44;Grand Est;88;413;Saint-Dié-des-Vosges;13;8841313;Saint-Dié-des-Vosges-1;11482;254;11736
44;Grand Est;88;413;Saint-Dié-des-Vosges;14;8841314;Saint-Dié-des-Vosges-2;7842;201;8043
27;Bourgogne-Franche-Comté;89;024;Auxerre;01;8902401;Auxerre-1;8302;358;8660
27;Bourgogne-Franche-Comté;89;024;Auxerre;02;8902402;Auxerre-2;6611;156;6767
27;Bourgogne-Franche-Comté;89;024;Auxerre;03;8902403;Auxerre-3;9071;293;9364
27;Bourgogne-Franche-Comté;89;024;Auxerre;04;8902404;Auxerre-4;11252;292;11544
27;Bourgogne-Franche-Comté;89;387;Sens;16;8938716;Sens-1;16709;306;17015
27;Bourgogne-Franche-Comté;89;387;Sens;17;8938717;Sens-2;10566;220;10786
27;Bourgogne-Franche-Comté;90;010;Belfort;02;9001002;Belfort-1;15446;290;15736
27;Bourgogne-Franche-Comté;90;010;Belfort;03;9001003;Belfort-2;15819;258;16077
27;Bourgogne-Franche-Comté;90;010;Belfort;04;9001004;Belfort-3;14381;191;14572
11;Île-de-France;91;421;Montgeron;06;9142106;Draveil;6151;106;6257
11;Île-de-France;91;114;Brunoy;07;9111407;Épinay-sous-Sénart;5887;91;5978
11;Île-de-France;91;421;Montgeron;19;9142119;Vigneux-sur-Seine;17739;164;17903
11;Île-de-France;91;114;Brunoy;21;9111421;Yerres;19905;343;20248
11;Île-de-France;92;004;Asnières-sur-Seine;02;9200402;Asnières-sur-Seine;74612;493;75105
11;Île-de-France;92;012;Boulogne-Billancourt;04;9201204;Boulogne-Billancourt-1;65838;763;66601
11;Île-de-France;92;012;Boulogne-Billancourt;05;9201205;Boulogne-Billancourt-2;54367;423;54790
11;Île-de-France;92;025;Colombes;10;9202510;Colombes-1;76954;455;77409
11;Île-de-France;92;025;Colombes;11;9202511;Colombes-2;13738;140;13878
11;Île-de-France;92;026;Courbevoie;12;9202612;Courbevoie-1;51629;410;52039
11;Île-de-France;92;004;Asnières-sur-Seine;12;9200412;Courbevoie-1;16845;150;16995
11;Île-de-France;92;026;Courbevoie;13;9202613;Courbevoie-2;30316;192;30508
11;Île-de-France;92;050;Nanterre;19;9205019;Nanterre-1;66219;373;66592
11;Île-de-France;92;050;Nanterre;20;9205020;Nanterre-2;31900;253;32153
11;Île-de-France;93;029;Drancy;04;9302904;Le Blanc-Mesnil;7593;23;7616
11;Île-de-France;93;008;Bobigny;05;9300805;Bobigny;52530;131;52661
11;Île-de-France;93;008;Bobigny;06;9300806;Bondy;2740;3;2743
11;Île-de-France;93;029;Drancy;08;9302908;Drancy;63719;217;63936
11;Île-de-France;93;031;Épinay-sur-Seine;09;9303109;Épinay-sur-Seine;22392;69;22461
11;Île-de-France;93;048;Montreuil;12;9304812;Montreuil-1;46193;253;46446
11;Île-de-France;93;048;Montreuil;13;9304813;Montreuil-2;64565;322;64887
11;Île-de-France;93;066;Saint-Denis;16;9306616;Saint-Denis-1;72614;236;72850
11;Île-de-France;93;066;Saint-Denis;17;9306617;Saint-Denis-2;42623;583;43206
11;Île-de-France;93;031;Épinay-sur-Seine;18;9303118;Saint-Ouen-sur-Seine;31172;66;31238
11;Île-de-France;94;017;Champigny-sur-Marne;03;9401703;Champigny-sur-Marne-1;52594;214;52808
11;Île-de-France;94;017;Champigny-sur-Marne;04;9401704;Champigny-sur-Marne-2;25773;91;25864
11;Île-de-France;94;052;Nogent-sur-Marne;05;9405205;Charenton-le-Pont;987;8;995
11;Île-de-France;94;078;Villeneuve-Saint-Georges;06;9407806;Choisy-le-Roi;22861;78;22939
11;Île-de-France;94;028;Créteil;07;9402807;Créteil-1;47428;202;47630
11;Île-de-France;94;028;Créteil;08;9402808;Créteil-2;45431;227;45658
11;Île-de-France;94;080;Vincennes;09;9408009;Fontenay-sous-Bois;9004;58;9062
11;Île-de-France;94;052;Nogent-sur-Marne;14;9405214;Nogent-sur-Marne;32011;258;32269
11;Île-de-France;94;068;Saint-Maur-des-Fossés;17;9406817;Saint-Maur-des-Fossés-1;62854;711;63565
11;Île-de-France;94;068;Saint-Maur-des-Fossés;18;9406818;Saint-Maur-des-Fossés-2;13156;161;13317
11;Île-de-France;94;078;Villeneuve-Saint-Georges;21;9407821;Villeneuve-Saint-Georges;13309;39;13348
11;Île-de-France;94;080;Vincennes;23;9408023;Vincennes;39364;415;39779
11;Île-de-France;94;081;Vitry-sur-Seine;24;9408124;Vitry-sur-Seine-1;48003;257;48260
11;Île-de-France;94;081;Vitry-sur-Seine;25;9408125;Vitry-sur-Seine-2;47279;222;47501
11;Île-de-France;95;018;Argenteuil;01;9501801;Argenteuil-1;11208;31;11239
11;Île-de-France;95;018;Argenteuil;02;9501802;Argenteuil-2;60686;181;60867
11;Île-de-France;95;018;Argenteuil;03;9501803;Argenteuil-3;35241;216;35457
11;Île-de-France;95;127;Cergy;04;9512704;Cergy-1;50027;199;50226
11;Île-de-France;95;127;Cergy;05;9512705;Cergy-2;19551;188;19739
01;Guadeloupe;971;101;Les Abymes;01;9710101;Les Abymes-1;15119;161;15280
01;Guadeloupe;971;101;Les Abymes;02;9710102;Les Abymes-2;20586;136;20722
01;Guadeloupe;971;113;Le Gosier;03;9711303;Les Abymes-3;3720;23;3743
01;Guadeloupe;971;101;Les Abymes;03;9710103;Les Abymes-3;16055;128;16183
01;Guadeloupe;971;103;Baie-Mahault;04;9710304;Baie-Mahault-1;19294;226;19520
01;Guadeloupe;971;103;Baie-Mahault;05;9710305;Baie-Mahault-2;11649;197;11846
01;Guadeloupe;971;118;Petit-Bourg;05;9711805;Baie-Mahault-2;12332;143;12475
01;Guadeloupe;971;113;Le Gosier;08;9711308;Le Gosier;23485;210;23695
01;Guadeloupe;971;118;Petit-Bourg;13;9711813;Petit-Bourg;11967;88;12055
01;Guadeloupe;971;128;Sainte-Anne;16;9712816;Saint-François;3781;58;3839
01;Guadeloupe;971;128;Sainte-Anne;17;9712817;Sainte-Anne;20634;167;20801
01;Guadeloupe;971;106;Bouillante;18;9710618;Sainte-Rose-1;2518;45;2563
01;Guadeloupe;971;129;Sainte-Rose;18;9712918;Sainte-Rose-1;2828;40;2868
01;Guadeloupe;971;129;Sainte-Rose;19;9712919;Sainte-Rose-2;14666;166;14832
01;Guadeloupe;971;106;Bouillante;21;9710621;Vieux-Habitants;3863;45;3908
04;La Réunion;974;413;Saint-Leu;01;9741301;L'Étang-Salé;4967;61;5028
04;La Réunion;974;409;Saint-André;04;9740904;Saint-André-1;9582;75;9657
04;La Réunion;974;409;Saint-André;05;9740905;Saint-André-2;38299;332;38631
04;La Réunion;974;409;Saint-André;06;9740906;Saint-André-3;9665;84;9749
04;La Réunion;974;410;Saint-Benoît;07;9741007;Saint-Benoît-1;21323;195;21518
04;La Réunion;974;410;Saint-Benoît;08;9741008;Saint-Benoît-2;16262;122;16384
04;La Réunion;974;411;Saint-Denis;09;9741109;Saint-Denis-1;44293;387;44680
04;La Réunion;974;411;Saint-Denis;10;9741110;Saint-Denis-2;34375;379;34754
04;La Réunion;974;411;Saint-Denis;11;9741111;Saint-Denis-3;40060;393;40453
04;La Réunion;974;411;Saint-Denis;12;9741112;Saint-Denis-4;37421;366;37787
04;La Réunion;974;412;Saint-Joseph;13;9741213;Saint-Joseph;28555;273;28828
04;La Réunion;974;413;Saint-Leu;14;9741314;Saint-Leu;30630;392;31022
04;La Réunion;974;414;Saint-Louis;15;9741415;Saint-Louis-1;29544;358;29902
04;La Réunion;974;414;Saint-Louis;16;9741416;Saint-Louis-2;24934;318;25252
04;La Réunion;974;415;Saint-Paul;17;9741517;Saint-Paul-1;34057;305;34362
04;La Réunion;974;415;Saint-Paul;18;9741518;Saint-Paul-2;35505;417;35922
04;La Réunion;974;415;Saint-Paul;19;9741519;Saint-Paul-3;36658;559;37217
04;La Réunion;974;416;Saint-Pierre;20;9741620;Saint-Pierre-1;35533;411;35944
04;La Réunion;974;416;Saint-Pierre;21;9741621;Saint-Pierre-2;38115;364;38479
04;La Réunion;974;412;Saint-Joseph;22;9741222;Saint-Pierre-3;10437;276;10713
04;La Réunion;974;416;Saint-Pierre;22;9741622;Saint-Pierre-3;11606;111;11717
04;La Réunion;974;422;Le Tampon;24;9742224;Le Tampon-1;41316;344;41660
04;La Réunion;974;422;Le Tampon;25;9742225;Le Tampon-2;40648;567;41215
